{"cameraMode":{"drawMode":0,"name":"Shaded","section":"Shading Mode"},"sceneLighting":true,"audioPlay":false,"sceneViewState":{"showFog":true,"showMaterialUpdate":false,"showSkybox":false,"showFlares":true,"showImageEffects":true,"showParticleSystems":true},"in2DMode":false,"pivot":{"x":-7.086916923522949,"y":2.353689670562744,"z":57.1653938293457},"rotation":{"x":0.0923445075750351,"y":-0.7002192139625549,"z":0.09212144464254379,"w":0.7019137740135193},"size":5.354037761688232,"orthographic":false}