{"cameraMode":{"drawMode":0,"name":"Shaded","section":"Shading Mode"},"sceneLighting":true,"audioPlay":false,"sceneViewState":{"showFog":true,"showMaterialUpdate":false,"showSkybox":false,"showFlares":true,"showImageEffects":true,"showParticleSystems":true},"in2DMode":false,"pivot":{"x":1.537414312362671,"y":2.114706039428711,"z":64.82452392578125},"rotation":{"x":-0.1422656923532486,"y":-0.699952244758606,"z":0.6845993995666504,"w":-0.14545781910419465},"size":5.445016384124756,"orthographic":false}