{"cameraMode":{"drawMode":0,"name":"Shaded","section":"Shading Mode"},"sceneLighting":true,"audioPlay":false,"sceneViewState":{"showFog":true,"showMaterialUpdate":false,"showSkybox":false,"showFlares":true,"showImageEffects":true,"showParticleSystems":true},"in2DMode":false,"pivot":{"x":-3.3186206817626955,"y":10.867568016052246,"z":29.70537567138672},"rotation":{"x":-0.09864157438278198,"y":-0.8633540868759155,"z":0.18565142154693604,"w":-0.4587225317955017},"size":61.61521911621094,"orthographic":false}