{"cameraMode":{"drawMode":0,"name":"Shaded","section":"Shading Mode"},"sceneLighting":true,"audioPlay":false,"sceneViewState":{"showFog":true,"showMaterialUpdate":false,"showSkybox":false,"showFlares":true,"showImageEffects":true,"showParticleSystems":true},"in2DMode":false,"pivot":{"x":7.902851581573486,"y":-21.625015258789064,"z":59.194602966308597},"rotation":{"x":-0.1994224190711975,"y":-0.7998975515365601,"z":0.4182772934436798,"w":-0.3813692629337311},"size":17.200000762939454,"orthographic":false}