{"cameraMode":{"drawMode":0,"name":"Shaded","section":"Shading Mode"},"sceneLighting":false,"audioPlay":false,"sceneViewState":{"showFog":true,"showMaterialUpdate":false,"showSkybox":false,"showFlares":true,"showImageEffects":true,"showParticleSystems":true},"in2DMode":false,"pivot":{"x":0.8242942690849304,"y":8.570089340209961,"z":57.16666793823242},"rotation":{"x":-0.37459832429885867,"y":-0.5982836484909058,"z":0.6029837727546692,"w":-0.3716810941696167},"size":12.28624153137207,"orthographic":false}