{"cameraMode":{"drawMode":0,"name":"Shaded","section":"Shading Mode"},"sceneLighting":true,"audioPlay":false,"sceneViewState":{"showFog":true,"showMaterialUpdate":false,"showSkybox":false,"showFlares":true,"showImageEffects":true,"showParticleSystems":true},"in2DMode":false,"pivot":{"x":4.028619289398193,"y":4.1139020919799809,"z":66.82616424560547},"rotation":{"x":0.295065313577652,"y":-0.052993983030319217,"z":0.016392966732382776,"w":0.9538657069206238},"size":10.659623146057129,"orthographic":false}