{"cameraMode":{"drawMode":0,"name":"Shaded","section":"Shading Mode"},"sceneLighting":true,"audioPlay":false,"sceneViewState":{"showFog":true,"showMaterialUpdate":false,"showSkybox":false,"showFlares":true,"showImageEffects":true,"showParticleSystems":true},"in2DMode":false,"pivot":{"x":-4.842055320739746,"y":1.8596386909484864,"z":4.45892333984375},"rotation":{"x":0.4130459129810333,"y":-0.027314696460962297,"z":0.012395104393362999,"w":0.9102163910865784},"size":15.011940956115723,"orthographic":false}