{"cameraMode":{"drawMode":0,"name":"Shaded","section":"Shading Mode"},"sceneLighting":true,"audioPlay":false,"sceneViewState":{"showFog":true,"showMaterialUpdate":false,"showSkybox":true,"showFlares":true,"showImageEffects":true,"showParticleSystems":true},"in2DMode":false,"pivot":{"x":-0.0925283432006836,"y":1.9181100130081177,"z":-5.67982292175293},"rotation":{"x":-0.02469194494187832,"y":-0.6299536824226379,"z":0.020045531913638116,"w":-0.7759829163551331},"size":3.024744749069214,"orthographic":false}