{"cameraMode":{"drawMode":0,"name":"Shaded","section":"Shading Mode"},"sceneLighting":true,"audioPlay":false,"sceneViewState":{"showFog":true,"showMaterialUpdate":false,"showSkybox":true,"showFlares":true,"showImageEffects":true,"showParticleSystems":true},"in2DMode":false,"pivot":{"x":-0.02958613634109497,"y":1.1194496154785157,"z":-6.290961742401123},"rotation":{"x":-0.16073761880397798,"y":-0.6676464080810547,"z":0.15091869235038758,"w":-0.7110846042633057},"size":4.91671085357666,"orthographic":false}