{"cameraMode":{"drawMode":0,"name":"Shaded","section":"Shading Mode"},"sceneLighting":true,"audioPlay":false,"sceneViewState":{"showFog":true,"showMaterialUpdate":false,"showSkybox":false,"showFlares":true,"showImageEffects":true,"showParticleSystems":true},"in2DMode":false,"pivot":{"x":-3.714644432067871,"y":-7.395599365234375,"z":38.814064025878909},"rotation":{"x":0.24191895127296449,"y":-0.05932847037911415,"z":0.014820518903434277,"w":0.9683703184127808},"size":39.209022521972659,"orthographic":false}