{"cameraMode":{"drawMode":0,"name":"Shaded","section":"Shading Mode"},"sceneLighting":true,"audioPlay":false,"sceneViewState":{"showFog":true,"showMaterialUpdate":false,"showSkybox":false,"showFlares":true,"showImageEffects":true,"showParticleSystems":true},"in2DMode":false,"pivot":{"x":-4.929999828338623,"y":1.4151520729064942,"z":30.43000030517578},"rotation":{"x":-0.19757823646068574,"y":0.2742907702922821,"z":-0.05769326165318489,"w":-0.9393662214279175},"size":3.626540422439575,"orthographic":false}